acten;akten
actenstöße;aktenstöße
advocat;advokat
advocaten;advokaten
aehnlichkeit;ähnlichkeit
aerger;ärger
aermel;ärmel
aethertraum;äthertraum
aeußere;äußere
aeußeres;äußeres
allernothwendigsten;allernotwendigsten
alterthümliche;altertümliche
amüsirt;amüsiert
anknüpfungspunct;anknüpfungspunkt
anläßlich;anlässlich
anthun;antun
aufgethan;aufgetan
ausgiebt;ausgibt
befaßte;befasste
bescheerung;bescherung
bleiguß;bleiguss
blos;bloß
cameraden;kameraden
canapeees;kanapeees
capuze;kapuze
claviergeklimper;klaviergeklimper
conferenz;konferenz
conferenzen;konferenzen
controliren;kontrollieren
convenienzen;konvenienzen
curiren;kurieren
desshalb;deshalb
discretion;diskretion
doctors;doktors
documente;dokumente
dunkelroth;dunkelrot
ehrenwerth;ehrenwert
eigenthümliche;eigentümliche
eigenthümlichen;eigentümlichen
eigenthümlicher;eigentümlicher
eilf;elf
einsylbig;einsilbig
entschloß;entschloss
erfaßbarer;erfassbarer
ermuthigend;ermutigend
erröthen;erröten
erröthend;errötend
existirt;existiert
fixirend;fixierend
fortläßt;fortlässt
fortpreßte;fortpresste
freudenthränen;freudentränen
gedächtniß;gedächtnis
gegentheil;gegenteil
geheimnißvolle;geheimnisvolle
geheimnißvollen;geheimnisvollen
gemüthliches;gemütliches
genirt;geniert
genöthigt;genötigt
gerathen;geraten
geräth;gerät
geständniß;geständnis
gewirthschaftet;gewirtschaftet
gitterthür;gittertür
glasthür;glastür
gluth;glut
glutherfüllte;gluterfüllte
gluthgefüllten;glutgefüllten
gutmüthig;gutmütig
gutmüthige;gutmütige
gutmüthiges;gutmütiges
halloh;hallo
hausthür;haustür
heerd;herd
hochrothe;hochrote
indeß;indes
interessiren;interessieren
kniee;knie
kuß;kuss
küchenthür;küchentür
lackirte;lackierte
ladenthür;ladentür
legitimiren;legitimieren
legitimirt;legitimiert
liebwerthestes;liebwertestes
läugnen;leugnen
manuscript;manuskript
miethsmann;mietsmann
mitgetheilt;mitgeteilt
mittelthür;mitteltür
mittheilen;mitteilen
mitzutheilen;mitzuteilen
musicirte;musizierte
narrenthurm;narrenturm
niedergepreßte;niedergepresste
nothwehr;notwehr
nothwendig;notwendig
nothwendige;notwendige
nuß;nuss
oede;öde
oeffnung;öffnung
oelen;ölen
passiren;passieren
passirt;passiert
pikirt;pikiert
polirten;polierten
principals;prinzipals
processes;prozesses
processiren;prozessieren
producirt;produziert
producirten;produzierten
protestirt;protestiert
protocoll;protokoll
prozeß;prozess
rathhaus;rathaus
recruten;rekruten
regierungsräthin;regierungsrätin
reguliren;regulieren
regulirung;regulierung
rothgestreiften;rotgestreiften
rußland;russland
räthin;rätin
räthsel;rätsel
räthselhafteste;rätselhafteste
schellenaß;schellenass
secretair;sekretär
secunden;sekunden
standpunct;standpunkt
stubenthüren;stubentüren
studirstube;studierstube
studirzimmers;studierzimmers
subject;subjekt
sylbe;silbe
sämmtlich;sämtlich
tact;takt
tapetenthür;tapetentür
thaler;taler
thatsache;tatsache
theegeschirr;teegeschirr
theekanne;teekanne
theemaschine;teemaschine
theestunde;teestunde
theilte;teilte
theuer;teuer
thätigkeit;tätigkeit
thörichten;törichten
thürklinke;türklinke
todt;tot
todtenstille;totenstille
todtenähnlich;totenähnlich
todtgeschlagen;totgeschlagen
triumphirenden;triumphierenden
uebergang;übergang
ueberlegen;überlegen
ueberlieferung;überlieferung
ueberraschte;überraschte
uebersiedelung;übersiedelung
ueberstürzen;überstürzen
ueberzeugung;überzeugung
uebrige;übrige
uebrigens;übrigens
ungenirt;ungeniert
unnöthig;unnötig
urtheil;urteil
verhältnißmäßig;verhältnismäßig
verhängnißvollen;verhängnisvollen
verläugneten;verleugneten
vermuthung;vermutung
verrieth;verriet
vertheidigte;verteidigte
viertheile;vierteile
vorsaalthür;vorsaaltür
waaren;waren
wehmuth;wehmut
wehmuthvollen;wehmutvollen
wehmüthigen;wehmütigen
wirthschaft;wirtschaft
wohlthätiges;wohltätiges
wuth;wut
zeugniß;zeugnis
zierathen;zieraten
zinnoberrothen;zinnoberroten
